Type,Vehicles Category,Type of Vehicles,Newly registered - 2002-03,Newly registered - 2003-04,Total registered as on - 31.3.2003,Total registered as on - 31.3.2004
Transport,I. Multiaxled / Articulated Vehicles,Multiaxled / Articulated Vehicles,173,209,11106,11315
Transport,II. Trucks & Lorries,Trucks & Lorries,1749,2438,59562,62000
Transport,III. Light Motor Vehicles (Goods),Four Wheelers,4161,5894,84188,90082
Transport,III. Light Motor Vehicles (Goods),Three Wheelers,5104,7894,38205,46099
Transport,Total-III. Light Motor Vehicles (Goods),Total Light Motor Vehicles (Goods),9265,13788,122393,136181
Transport,IV. Buses,Stage carriages,2350,2640,29249,31889
Transport,IV. Buses,Contract carriages,1257,1370,18508,19878
Transport,IV. Buses,Private service vehicles,306,375,5631,6006
Transport,IV. Buses,Other buses,486,746,8687,9433
Transport,Total-IV. Buses,Total Buses,4399,5131,62075,67206
Transport,V. Taxis,Motor cabs,4723,3752,65597,69349
Transport,V. Taxis,Maxi cabs,163,119,15159,15278
Transport,V. Taxis,Other taxis,1114,1871,27747,29618
Transport,Total- V. Taxis,Total Taxis,6000,5742,108503,114245
Transport,VI. Light Motor Vehicles (Passengers),Three seaters,10207,9762,106981,116743
Transport,VI. Light Motor Vehicles (Passengers),Four to six seaters,9175,8238,169263,177501
Transport,Total- VI. Light Motor Vehicles (Passengers),Total Light Motor Vehicles (Passengers),19382,18000,276244,294244
Transport,VII. Motor cycles on hire,Motor cycles on hire,NA,NA,NA,NA
Transport,Total Transport(I to VII),Total Transport,40968,45308,639883,685191
Non Transport,I. Two wheelers,Scooters,17521,12195,420058,432253
Non Transport,I. Two wheelers,Mopeds,7256,3180,142356,145536
Non Transport,I. Two wheelers,Motor cycles,134613,131279,886740,1018019
Non Transport,Total-I. Two wheelers,Total Two wheelers,159390,146654,1449154,1595808
Non Transport,II. Cars,Cars,30653,42372,336540,378912
Non Transport,III. Jeeps,Jeeps,652,792,70864,71656
Non Transport,IV. Omni buses,Omni buses,4025,3695,26793,30488
Non Transport,V. Tractors,Tractors,243,302,8702,9004
Non Transport,VI. Trailers,Trailers,52,90,1823,1913
Non Transport,VII. Other vehicles not covered,Other vehicles not covered,816,690,18412,19102
Non Transport,Total Non Transport (I to VII),Total Non-Transport,195831,194595,1912288,2106883
Transport + Non-transport,Grand Total (Transport + Non-Transport),Grand Total (Transport + Non-Transport),236799,239903,2552171,2792074
