S.No,State,District,Area (Ha),production (Tonnes),productivity (Tonnes/Ha)
1,TamilNadu,Ariyalur,554,2224,4.01
2,TamilNadu,Coimbatore,2479,4160,1.68
3,TamilNadu,Cuddalore,497,1995,4.01
4,TamilNadu,Dharmapuri,9334,33996,3.64
5,TamilNadu,Dindigul,15707,64591,4.11
6,TamilNadu,Erode,793,923,1.16
7,TamilNadu,Kancheepuram,3916,22249,5.68
8,TamilNadu,Kanyakumari,1297,4225,3.26
9,TamilNadu,Karur,800,3215,4.02
10,TamilNadu,Krishnagiri,30914,113415,3.67
11,TamilNadu,Madurai,6353,11383,1.79
12,TamilNadu,Nagapattinam,3035,6132,2.02
13,TamilNadu,Namakkal,2284,7603,3.33
14,TamilNadu,Perambalur,148,592,4.00
15,TamilNadu,Pudukkottai,768,530,0.69
16,TamilNadu,Ramanadhapuram,290,1166,4.02
17,TamilNadu,Salem,5766,5864,1.02
18,TamilNadu,Sivagangai,2213,7017,3.17
19,TamilNadu,Thanjavur,867,9459,10.91
20,TamilNadu,Theni,9684,135381,13.98
21,TamilNadu,The Nilgiris,22,90,4.09
22,TamilNadu,Tiruvallur,10572,16787,1.59
23,TamilNadu,Tiruvannamalai,619,2483,4.01
24,TamilNadu,Thiruvarur,229,921,4.02
25,TamilNadu,Thoothukudi,774,3111,4.02
26,TamilNadu,Tirupur,1712,2110,1.23
27,TamilNadu,Trichy,2137,4313,2.02
28,TamilNadu,Thirunelvei,6342,11855,1.87
29,TamilNadu,Vellore,12000,29099,2.42
30,TamilNadu,Villupuram,1578,18635,11.81
31,TamilNadu,Virudhunagar,3250,24495,7.54
Total,TamilNadu,State Total,136934,550019,4.02
