S.N,Name of Organisation,Category,State
1,Abid Ali Khan Educational Trust,NGO,Andhra Pradesh
2,Keshav Memorial Education Society,Edu-Pvt,Andhra Pradesh
3,"Boon Education, Environment & Rural Development Society",NGO,Andhra Pradesh
4,Deccan Development Society,NGO,Andhra Pradesh
5,"Hyderabad University, Hydrabad",Edu,Andhra Pradesh
6,"Sri Venketeswara Orirntal College, Tirupati, Andhra Pradesh",Edu,Andhra Pradesh
7,"Sri Vishnu Engg.College for Women, Vishnupur, Bhimavaram",Edu,Andhra Pradesh
8,GMR Institute of Technology,Edu-Pvt,Andhra Pradesh
9,Malireddy Charitable Trust,NGO,Andhra Pradesh
10,Gauhati University,UNIV,Assam
11,Krishna Kanta Handique State Open University,UNIV,Assam
12,Ayodhya Lal Kalyan Niketan,NGO,Bihar
13,"Indian Instt. of Business Management, Patna",Edu,Bihar
14,Lokhit,NGO,Bihar
15,Snehi Lokotthan Sansthan,NGO,Bihar
16,Punjab University,Univ,Chandigarh
17,"Vivek High School, Chandigarh",Edu,Chandigarh
18,Satguru Foundation,NGO,Chandigarh
19,Indira Gandhi Krishi Vishwavidyalaya,SAU,Chhattisgarh
20,"Dr.C.V.Raman University, Bilaspur",UNIV,Chhattisgarh
21,Neotech Technical & Management School,Edu-Pvt,Chhattisgarh
22,"AJK Mass Communication Research Centre,Jamia Millia Islamia, Delhi",Edu,Delhi
23,"Indian Institute of Mass Communication, New Delhi (IIMC)",Edu,Delhi
24,"Jagan Institute of Management Studies,Rohini,New Delhi",Edu,Delhi
25,"Jagannath International Management School, Vasant Kunj,New Delhi",Edu,Delhi
26,Spasth Education Society,NGO,Delhi
27,University of Delhi,UNIV,Delhi
28,Mahila Seva Trust,NGO,Gujarat
29,"Educational Multimedia Resarch Centre, Gujarat University",UNIV,Gujarat
30,"Mudra Instt. of Communication, Ahmedabad",Edu,Gujarat
31,Saiyere Jo Sangathan,NGO,Gujarat
32,"Sardar Patel Univ. Vallabh Vidyanagar, Gujarat",Edu,Gujarat
33,"Krishi Vigyan Kendra, Junagarh",KVK,Gujarat
34,The Restoring Force,NGO,Haryana
35,Bharat Sainik Sr. Sec. School,Edu-Pvt,Haryana
36,CCS Haryana Agricultural University,SAU,Haryana
37,Chaudhury Devi lal University,UNIV,Haryana
38,M.R.Education Trust,NGO,Haryana
39,Seeking Modern Applications for Real Transformation (SMART),NGO,Haryana
40,S.M.Sehgal Foundation,NGO,Haryana
41,All India Samaj Sewa Kendra,NGO,Haryana
42,M.S. Panwar Institute of Communication & Management. Solan (H.P),Edu-Pvt,Himachal Pradesh
43,Tibetan Children's Village School,Edu-Pvt,Himachal Pradesh
44,Pir Panchal,NGO,J&K
45,Alternative for India Development,NGO,Jharkhand
46,Divyajyothi Vidya Kendra,NGO,Karnataka
47,SAARATHI,NGO,Karnataka
48,Sharnbasveshwar Vidya Vardhak Sangha,Edu-Pvt,Karnataka
49,"Sri Bhagwan Mahaveer Jain College, Bangalore",Edu,Karnataka
50,"Sri Sidhartha Centre for Media Studies, Tumkur, Karnataka",Edu,Karnataka
51,St. Aloysius College ,Edu-Pvt,Karnataka
52,The Mysore Resettlement and Dev. Agency,NGO,Karnataka
53,"Universal College, Vijaynagar Toll Gate Circle, Bangalore",Edu,Karnataka
54,"University of Agricultural Sciences, Dharwad, Karnataka",SAU,Karnataka
55,Viveka School of Excellence (Swami Vivekananda Youth Movement),Edu-Pvt,Karnataka
56,B.V.Bhoomaraddi College of Engineering & technology,Edu-Pvt,Karnataka
57,"Manipal Academy of Higher Education, Manipal, Karnataka",Edu,Karnataka
58,"Shree Ramanna Academy for Blind, Bangalore",Edu,Karnataka
59,Bishop Benziger Hospital,NGO,Kerala
60,"DC School of Management & Tech, Kottayam.",Edu,Kerala
61,Mar Athanasios College of Advanced Studies,Edu-Pvt,Kerala
62,"Wayanad 
Social Service Society ",NGO,Kerala
63,St Joseph College of Communication,Edu-Pvt,Kerala
64,Academic & Technical Education Development Society (ATEDS),NGO,Kerala
65,Ahalia International Foundation,NGO,Kerala
66,Indian Society of Agribusiness Professionls ,NGO,Madhya Pradesh
67,The Society for Development Alternatives ,NGO,Madhya Pradesh
68,Bunkar Vikas sanstha,NGO,Madhya Pradesh
69,Diksha Welfare & Cultural Society,NGO,Madhya Pradesh
70,"Govt High School, Sesaipura ",Edu-Govt,Madhya Pradesh
71,"RKDF Instt. of Science & Technology, M.P.Nagar, Bhopal, Madhya Predesh",Edu,Madhya Pradesh
72,"Sambhav Social Service
Organisation",NGO,Madhya Pradesh
73,"Shaskiya Utkrishta Uchchtar Madhyamik Vidyalaya, Nalchha, Dhar",Edu-Govt,Madhya Pradesh
74,"Shaskiya Utkrishta Uchchtar Madhyamik Vidyalaya, Bhabra",Edu-Govt,Madhya Pradesh
75,"Shaskiya Utkrishta Uchchtar Madhyamik Vidyalaya, Chicholi, Distt-Betul",Edu-Govt,Madhya Pradesh
76,"Shaskiya Utkrishta Uchchtar Madhyamik Vidyalaya, Khalwa",Edu-Govt,Madhya Pradesh
77,Swami Vivekanand Shiksha Samiti (SVSS),NGO,Madhya Pradesh
78,Swaraj Sansthan Sanchalaya,NGO,Madhya Pradesh
79,Vanya,NGO,Madhya Pradesh
80,"Krishi Vigyan Kendra, Baramati",KVK,Maharashtra
81,"Film & TV Instt of India, Pune",Edu,Maharashtra
82,Krishi Vigyan Kendra (PIRENS),KVK,Maharashtra
83,"Mahatma Gandhi Vidyamandir's M.S.G. Arts, Science and Commerce College",Edu-Pvt,Maharashtra
84,Mann Deshi Foundation (Prevoiusly known as Mann Vikas Samajik Sanstha) ,NGO,Maharashtra
85,"Padmshree Dr.D.Y.Patil Vidyapeeth, Navi Mumbai",Edu,Maharashtra
86,Snehalaya,NGO,Maharashtra
87,Suvide Foundation's Krishi Vigyan Kendra,KVK,Maharashtra
88,"University of Mumbai, Mumbai",Edu,Maharashtra
89,"University of Pune, Pune",Edu,Maharashtra
90,"Vidya Pratisthan's Instt.of Info.Technology, Vidyanagari, Baramati, Pune (Mah)",Edu,Maharashtra
91,"Yerala Projects Society, ",NGO,Maharashtra
92,"Sadhana Krishi Vigyan Kendra, Amravati ",KVK,Maharashtra
93,Vishwas Dnyan Probodhine & Research Institute,NGO,Maharashtra
94,Mahatma Gandhi Institute for Rural Industrialisation,NGO,Maharashtra
95,Sasneha Kala Krida Sanskritik Mandal,NGO,Maharashtra
96,Association for Integrated Development ,NGO,Orissa
97,Dadhi Baman Jew Institute for Social action,NGO,Orissa
98,Siksha 'O' Anusandhan University,Univ,Orissa
99,SOURABHA,NGO,Orissa
100,South Orissa Voluntary Action (SOVA),NGO,Orissa
101,Young India,NGO,Orissa 
102,Ravenshaw University,UNIV,Orissa 
103,"Achariya Arts & Science College, Villianur, Pondicherry",Edu,Pondicherry
104,"Pondicherry University
",UNIV,Pondicherry
105,"Sri Manakula Vinayagar Engg.College, Pondicherry",Edu,Pondicherry
106,Chitkara Educational Trust,Edu-Pvt,Punjab
107,Ek Onkar Charitable Trust,NGO,Punjab
108,"Guru Nanak Girls College, Ludhiana",Edu,Punjab
109,Kamalnishtha Sansthan ,NGO,Rajasthan
110,Social Work & Research Centre (Barefoot College),NGO,Rajasthan
111,All India society for Advance education & research,NGO,Rajasthan
112,"Banasthali Vidyapeeth, Banasthali,Rajasthan",Edu,Rajasthan
113,"Eminent T.T.Girls College,Diggi,Malpura,Distt.-Tonk,Rajasthan",Edu,Rajasthan
114,"India International Institute of Management, Jaipur",Edu,Rajasthan
115,Prajapita Brah Kumaris Iswariya Vishwa Vidhlay,Edu,Rajasthan
116,"Jayoti Vidyapeeth Women's University, ",Edu-Pvt,Rajasthan
117,AGN School,Edu-Pvt,Tamil Nadu
118,Madurai District Tank Farmers Federation,NGO,Tamil Nadu
119,Rathinam College of Arts & Science,Edu-Pvt,Tamil Nadu
120,Atomic Energy Central School No.2 (AECS-2),Edu-Govt,Tamil Nadu
121,Dhan Foundation,NGO,Tamil Nadu
122,"K.S. Rangasamy Educational
Insitutions",Edu-Pvt,Tamil Nadu
123,M.Kumarasamy College of Engineering,Edu-Pvt,Tamil Nadu
124,People's Association for Rural Development  (PARD),NGO,Tamil Nadu
125,"PGP Educational & Welfare Society/PGP College of Engg & Technology, Namakkal
",Edu-Pvt,Tamil Nadu
126,Rajiv Gandhi National Institute of Youth Development,Edu-Govt,Tamil Nadu
127,Tamilnadu Agricultural University,SAU,Tamil Nadu
128,SSM College of Engineering,Edu-Pvt,Tamil Nadu
129,VIT University,Univ,Tamil Nadu
130,Keystone Foundation,NGO,Tamil Nadu
131,Nalamdana,NGO,Tamil Nadu
132,"Aditanar College of Arts & Science, Tiruchendur, Tamilnadu",Edu,Tamil Nadu
133,"AVRC, Anna University, Chennai",Edu,Tamil Nadu
134,"Erode Sengunthar Engg. College, Erode",Edu,Tamil Nadu
135,"Holy Cross College, Tiruchirapalli",Edu,Tamil Nadu
136,"Kongu Engg.College, Perundurai, Erode, Tamilnadu",Edu,Tamil Nadu
137,"Loyola College, Chennai",Edu,Tamil Nadu
138,"M.O.P.Vaishnav College for Woman, Chennai, Tamilnadu",Edu,Tamil Nadu
139,"Peace Industrial School,Dindigul, Tamilnadu",Edu,Tamil Nadu
140,"PSG College of Technology, Peelamedu,Coimbatore",Edu,Tamil Nadu
141,"SRM College of Engineering, Kattankulathur, Distt-Kanchipuram, Tamilnadu",Edu,Tamil Nadu
142,"Subhalakshmi College of Scinence, Madurai",Edu,Tamil Nadu
143,"Periyar Maniamai College of Tech.for Women, Thanjavur, Tamilnadu",Edu,Tamil Nadu
144,Welfare Association for Downtrodden (WADA) for Tx at Aligarh,NGO,Uttar Pradesh
145,"Sunbeam English School, Lanka, Varanasi",Edu,Uttar Pradesh
146,Amity University,Univ,Uttar Pradesh
147,Kisan Seva Sanstahn,NGO,Uttar Pradesh
148,Mirza Ahsanullah Beg Educational and Social Welfare Society,NGO,Uttar Pradesh
149,Allahabad Agricultural Institute Deemed University,SAU,Uttar Pradesh
150,Asian School of Media Studies ,Edu,Uttar Pradesh
151,Bharti Shiksha Samiti,NGO,Uttar Pradesh
152,"City Montessori School, Gomti Nagar, Lucknow",Edu,Uttar Pradesh
153,"CMS Degree College, LDA Colony, Lucknow",Edu,Uttar Pradesh
154,Dr B.R.A. University,Edu,Uttar Pradesh
155,Hint Instt of Mass Communication,Edu,Uttar Pradesh
156,"IIMT College, Meerut",Edu,Uttar Pradesh
157,"Indian Institute of Technology, Kanpur",Edu,Uttar Pradesh
158,Institute of Management Studies,Edu,Uttar Pradesh
159,"Krishi vigyan kendra, Saharanpur ",KVK,Uttar Pradesh
160,"P.G.College, Ghazipur",Edu,Uttar Pradesh
161,"Sai Jyoti Gramodhyog Samaj 
",NGO,Uttar Pradesh
162,Shramik Bharti,NGO,Uttar Pradesh
163,The Energy & Resources Institute ,NGO,Uttarakhand
164,GB Pant University of Agriculture & Technology ,SAU,Uttarakhand
165,National Institute for the Visually Handicapped,Edu-Govt,Uttarakhand
166,Uttarakhand Open University,Edu-Pvt,Uttarakhand
167,"Aastha Jan Kalyan Evam Vikas
Samiti",NGO,Uttarakhand 
168,"Guru Nanak Fifth Centenary School, Vincent Hill/Shangri-la, Sardar Mehtab Singh Road, Mussorie, Uttaranchal",Edu,Uttarakhand 
169,NSHM Institute of Media & Comm.,Edu-Pvt,West Bengal
170,Jadavpur University,Edu,West Bengal
171,"Satyajit Ray Film & TV Institute, Kolkata",Edu,West Bengal
