State,Enrolled,Trainings Completed,Placement
Andaman and Nicobar Islands,194,194,0
Andhra Pradesh,131120,131030,16387
Arunachal Pradesh,1017,1017,49
Assam,33449,33419,2132
Bihar,91990,91904,6971
Chandigarh,5032,5032,172
Chhattisgarh,37302,37302,1156
Dadra and Nagar Haveli,258,258,96
Daman and Diu,230,230,111
Delhi,105518,105495,4179
Goa,499,499,213
Gujarat,43999,43999,2396
Haryana,86611,86473,6167
Himachal Pradesh,22891,22891,1019
Jammu and Kashmir,18177,18177,177
Jharkhand,28391,28366,1273
Karnataka,76626,76626,12882
Kerala,15339,15339,1415
Madhya Pradesh,168180,168015,12521
Maharashtra,109219,109099,8012
Manipur,1603,1603,232
Meghalaya,1661,1661,66
Mizoram,1030,1030,2
Nagaland,1271,1271,51
Odisha,61288,61288,9514
Puducherry,7301,7301,856
Punjab,84526,84471,7832
Rajasthan,132872,132842,9732
Sikkim,886,886,13
Tamil Nadu,168880,168880,36304
Telangana,109142,109022,18605
Tripura,15140,15140,3364
Uttar Pradesh,269368,269234,14519
Uttarakhand,13818,13818,941
West Bengal,128953,128953,9023
TOTAL,1973781,1972765,188382
